post_id,title,subreddit,score,num_comments,author,collected_at
47609294,The Claude Code Leak,technology,88,40,mergesort,2026-04-02 11:51:01
47609564,Steam on Linux Use Skyrocketed Above 5% in March,sports,149,57,hkmaxpro,2026-04-02 11:51:04
47609694,Email obfuscation: What works in 2026?,technology,29,4,jaden,2026-04-02 11:51:06
47610336,r/programming bans all discussion of LLM programming,technology,51,15,cryptoz,2026-04-02 11:51:07
47609752,The future of code search is not regex – 100x faster than ripgrep,technology,17,8,neogoose,2026-04-02 11:51:09
47557921,Show HN: Git bayesect – Bayesian Git bisection for non-deterministic bugs,entertainment,252,38,hauntsaninja,2026-04-02 11:51:11
47603737,AI for American-produced cement and concrete,technology,182,109,latchkey,2026-04-02 11:51:13
47609725,Show HN: NASA Artemis II Mission Timeline Tracker,science,14,2,AustinDev,2026-04-02 11:51:13
47596739,Mercor says it was hit by cyberattack tied to compromise LiteLLM,technology,5,0,jackson-mcd,2026-04-02 11:51:15
47558531,AI Perfected Chess. Humans Made It Unpredictable Again,technology,8,1,GMoromisato,2026-04-02 11:51:16
47605677,Signing data structures the wrong way,technology,93,42,malgorithms,2026-04-02 11:51:17
47606560,"Show HN: Dull – Instagram Without Reels, YouTube Without Shorts (iOS)",entertainment,67,52,kasparnoor,2026-04-02 11:51:19
47557385,The revenge of the data scientist,technology,131,27,hamelsmu,2026-04-02 11:51:21
47604155,SpaceX files to go public,science,282,370,nutjob2,2026-04-02 11:51:25
47607394,SolveSpace (open source 2D/3D CAD) working on Windows 2000 (2025),science,30,6,ruevs,2026-04-02 11:51:28
47609883,"Salomi, a research repo on extreme low-bit transformer quantization",science,8,2,Edward9055,2026-04-02 11:51:30
47603966,Show HN: Flight-Viz – 10K flights on a 3D globe in 3.5MB of Rust+WASM,entertainment,71,37,coolwulf,2026-04-02 11:51:33
47572714,Escaping the Ogallala Trap,technology,10,11,surprisetalk,2026-04-02 11:51:34
47565307,Windows 95 defenses against installers that overwrite a file with an older one,technology,142,70,michelangelo,2026-04-02 11:51:37
47599510,"Random numbers, Persian code: A mysterious signal transfixes radio sleuths",technology,112,113,thinkingemote,2026-04-02 11:51:38
47608155,"ZomboCom stolen by a hacker, sold, now replaced with AI-generated makeover",technology,65,28,bananaboy,2026-04-02 11:51:39
47572878,How-to guide: Commissioning a Sensor Physics R&D Lab,science,38,4,MagneLauritzen,2026-04-02 11:51:39
47571183,Show HN: CLI to order groceries via reverse-engineered REWE API (Haskell),technology,189,78,wazHFsRy,2026-04-02 11:51:43
47609372,"Show HN: Semantic atlas of 188 constitutions in 3D (30k articles, embeddings)",entertainment,5,1,joaoli131,2026-04-02 11:51:45
47574871,"Show HN: Zerobox – Sandbox any command with file, network, credential controls",entertainment,118,85,afshinmeh,2026-04-02 11:51:45
47565350,An Introduction to Writing Systems and Unicode,technology,61,12,mariuz,2026-04-02 11:51:53
47608130,Montana referendum to outlaw corporate campaign contributions [video],technology,50,8,le-mark,2026-04-02 11:51:55
47609757,Why Iran targeted Amazon data centers,technology,10,4,throwaway2037,2026-04-02 11:51:58
47604245,Ukrainian drone holds position for 6 weeks,technology,142,160,AftHurrahWinch,2026-04-02 11:52:00
47592755,OpenAI closes funding round at an $852B valuation,technology,515,485,surprisetalk,2026-04-02 11:52:01
47604218,The AI Marketing BS Index,technology,96,19,speckx,2026-04-02 11:52:02
47602986,Show HN: Real-time dashboard for Claude Code agent teams,technology,71,22,simple10,2026-04-02 11:52:03
47603131,Google Cloud: Investing in the Future of PostgreSQL,technology,24,7,kevincox,2026-04-02 11:52:04
47558733,From 300KB to 69KB per Token: How LLM Architectures Solve the KV Cache Problem,technology,155,11,future-shock-ai,2026-04-02 11:52:08
47604768,Comparing C/C++ unity build with regular build on a large codebase (2024),technology,11,2,PaulHoule,2026-04-02 11:52:10
47589856,Show HN: Postgres extension for BM25 relevance-ranked full-text search,entertainment,188,57,tjgreen,2026-04-02 11:52:21
47607775,"""Special 301"" Comments on Nintendo Game Piracy in Asia and Latin America (1994)",sports,7,0,Lammy,2026-04-02 11:52:24
47541746,Show HN: Forkrun – NUMA-aware shell parallelizer (50×–400× faster than parallel),worldnews,144,39,jkool702,2026-04-02 11:52:29
47601310,"Iran war sparks renewables boom as Europeans rush to buy solar, heat pumps, EVs",worldnews,80,97,vrganj,2026-04-02 11:52:32
47588349,GitHub Monaspace Case Study,science,144,48,homebrewer,2026-04-02 11:52:41
47586614,Open source CAD in the browser (Solvespace),science,364,123,phkahler,2026-04-02 11:52:50
47562342,Digitizing photos from the 1998 Game Boy Camera,sports,68,15,rockbruno,2026-04-02 11:52:52
47577761,Fedware: Government apps that spy harder than the apps they ban,worldnews,678,274,speckx,2026-04-02 11:52:53
47578086,Vulnerability research is cooked,science,252,168,pedro84,2026-04-02 11:52:57
47608790,The Longest-Running Vaporware Project in the History of Computing,worldnews,12,2,YounesDz,2026-04-02 11:53:12
47603534,A new way to measure poverty shows the US falling behind Europe,entertainment,90,76,_DeadFred_,2026-04-02 11:53:25
47555035,"Show HN: Loreline, narrative language transpiled via Haxe: C++/C#/JS/Java/Py/Lua",entertainment,70,20,jeremyfa,2026-04-02 11:53:28
47548164,"Researchers find 3,500-year-old loom that reveals textile revolution",science,132,19,geox,2026-04-02 11:53:39
47578572,Turning a MacBook into a touchscreen with $1 of hardware (2018),worldnews,406,227,HughParry,2026-04-02 11:53:48
47588324,Show HN: Sundial – a new way to look at a weather forecast,entertainment,56,24,izaidi,2026-04-02 11:54:06
47566143,My MacBook keyboard is broken and it's insanely expensive to fix,entertainment,381,532,TobiasBerg,2026-04-02 11:54:07
47605132,"SpaceX files for IPO, targets $1.75T valuation",science,11,2,AndrewDucker,2026-04-02 11:54:47
47598415,A million new SpaceX satellites will destroy the night sky,science,48,37,01-_-,2026-04-02 11:54:53
47575403,CodingFont: A game to help you pick a coding font,sports,488,236,nvahalik,2026-04-02 11:54:57
47585860,"In Expanding de Sitter Space, Quantum Mechanics Gets More Elusive",science,32,2,pseudolus,2026-04-02 11:55:10
47557299,Hardware Image Compression,worldnews,72,15,luu,2026-04-02 11:55:22
47558094,Show HN: QuickBEAM – run JavaScript as supervised Erlang/OTP processes,entertainment,110,16,dannote,2026-04-02 11:56:14
47605235,NASA's Artemis II Crew Launches to the Moon (Official Broadcast) [video],science,5,1,twalichiewicz,2026-04-02 11:56:18
47567049,Show HN: Crazierl – An Erlang Operating System,entertainment,72,14,toast0,2026-04-02 11:57:02
47540833,Hold on to Your Hardware,worldnews,661,533,LucidLynx,2026-04-02 11:57:04
47603696,Pesticides and cancer: researchers find a connection at the national level,science,6,1,MrDresden,2026-04-02 11:57:05
47590153,Facial Recognition Errors Affect Millions Globally,worldnews,6,0,pseudolus,2026-04-02 11:57:12
47589451,Show HN: Hyprmoncfg – Terminal-based monitor config manager for Hyprland,entertainment,11,4,earcar,2026-04-02 11:57:17
47603123,Show HN: Aphelo – A Redis-like store in C++ with Progressive Rehashing,entertainment,5,1,pranit_garje,2026-04-02 11:57:25
47563103,"Show HN: BreezePDF – Free, in-browser PDF editor",entertainment,96,46,philjohnson,2026-04-02 11:57:31
47587191,Show HN: Rust UEFI UI Lib,entertainment,6,2,supernihil,2026-04-02 11:57:43
47595721,Iran's Revolutionary Guards Declares War on Silicon Valley,worldnews,18,12,mikelgan,2026-04-02 11:57:44
47592280,Show HN: Multi-agent autoresearch for ANE inference beats Apple's CoreML by 6×,science,6,0,christinetyip,2026-04-02 11:57:50
47604354,TurboQuant KV Compression and SSD Expert Streaming for M5 Pro and IOS,entertainment,76,46,aegis_camera,2026-04-02 11:57:51
47601957,Launch day has arrived for NASA's Artemis II mission–here's what to expect,science,5,0,Archelaos,2026-04-02 11:57:55
47565831,"Show HN: I made a ""programming language"" looking for feedback",entertainment,37,39,alonsovm,2026-04-02 11:57:58
47556033,rpg.actor Game Jam,sports,80,6,Kye,2026-04-02 11:58:13
47571401,Show HN: The Alphabetical Clock,entertainment,40,24,secretdark,2026-04-02 11:58:17
47601055,Mapping pesticides to cancer risk at the country scale with spatial exposomics,worldnews,6,0,bonsai_spool,2026-04-02 11:58:18
47575910,Show HN: A 3D Body Scan for Nine Cents – Without SMPL,entertainment,17,4,arkadiuss,2026-04-02 11:58:19
47589900,Show HN: Lazy-tool: reducing prompt bloat in MCP-based agent workflows,entertainment,21,2,like-to-code1,2026-04-02 11:58:20
47546911,Capability-Based Security for Redox: Namespace and CWD as Capabilities,science,64,9,ejplatzer,2026-04-02 11:58:32
47596125,Intel SGX: Global Wrapping Key Extracted,worldnews,17,3,fogzen,2026-04-02 11:58:41
47593627,NASA Teams Readying Artemis II Moon Rocket for Launch,sports,11,0,benlarweh,2026-04-02 11:58:47
47605000,Hegseth attempted to make large investments in defense companies before Iran War,worldnews,12,0,doener,2026-04-02 11:59:05
47571705,Sad Story of Soviet Compact Disc Players,sports,9,1,thenthenthen,2026-04-02 11:59:24
47549160,Show HN: Twitch Roulette – Find live streamers who need views the most,entertainment,179,94,ellg,2026-04-02 11:59:29
47563177,"Show HN: Payphone Tag is territory game using Australia's 15,000 payphones",sports,20,9,gangerang,2026-04-02 11:59:47
